tag,broader
animals,animals and biodiversity
bees,animals and biodiversity
biodiversity,animals and biodiversity
birds,animals and biodiversity
insects,animals and biodiversity
animation,art and creativity
art,art and creativity
beauty,art and creativity
comedy,art and creativity
composing,art and creativity
creativity,art and creativity
dance,art and creativity
design,art and creativity
live music,art and creativity
magic,art and creativity
movies,art and creativity
music,art and creativity
performance,art and creativity
performance art,art and creativity
photography,art and creativity
piano,art and creativity
poetry,art and creativity
science and art,art and creativity
simplicity,art and creativity
theater,art and creativity
toy,art and creativity
behavioral economics,business and economics
business,business and economics
capitalism,business and economics
consumerism,business and economics
economics,business and economics
entrepreneur,business and economics
finance,business and economics
investment,business and economics
leadership,business and economics
manufacturing,business and economics
marketing,business and economics
money,business and economics
statistics,business and economics
women in business,business and economics
work,business and economics
communication,communication and media
entertainment,communication and media
film,communication and media
gaming,communication and media
interview,communication and media
journalism,communication and media
language,communication and media
media,communication and media
news,communication and media
online video,communication and media
presentation,communication and media
social media,communication and media
speech,communication and media
spoken word,communication and media
storytelling,communication and media
visualizations,communication and media
writing,communication and media
books,education and learning
children,education and learning
education,education and learning
library,education and learning
literature,education and learning
macarthur grant,education and learning
museums,education and learning
parenting,education and learning
teaching,education and learning
youth,education and learning
collaboration,emotions and relationships
compassion,emotions and relationships
death,emotions and relationships
depression,emotions and relationships
empathy,emotions and relationships
family,emotions and relationships
fear,emotions and relationships
friendship,emotions and relationships
god,emotions and relationships
happiness,emotions and relationships
humor,emotions and relationships
love,emotions and relationships
morality,emotions and relationships
play,emotions and relationships
relationships,emotions and relationships
sex,emotions and relationships
sexual violence,emotions and relationships
trust,emotions and relationships
violence,emotions and relationships
war,emotions and relationships
women,emotions and relationships
work-life balance,emotions and relationships
adventure,environment and ecology
agriculture,environment and ecology
alternative energy,environment and ecology
anthropocene,environment and ecology
architecture,environment and ecology
botany,environment and ecology
climate change,environment and ecology
ecology,environment and ecology
energy,environment and ecology
environment,environment and ecology
farming,environment and ecology
fish,environment and ecology
food,environment and ecology
garden,environment and ecology
green,environment and ecology
map,environment and ecology
natural disaster,environment and ecology
natural resources,environment and ecology
nature,environment and ecology
plants,environment and ecology
solar energy,environment and ecology
sustainability,environment and ecology
time,environment and ecology
trees,environment and ecology
water,environment and ecology
weather,environment and ecology
conservation,environmental conservation
mission blue,environmental conservation
oceans,environmental conservation
plastic,environmental conservation
pollution,environmental conservation
africa,global issues and development
asia,global issues and development
big problems,global issues and development
brazil,global issues and development
china,global issues and development
global development,global issues and development
global issues,global issues and development
immigration,global issues and development
infrastructure,global issues and development
iraq,global issues and development
peace,global issues and development
philanthropy,global issues and development
population,global issues and development
poverty,global issues and development
refugees,global issues and development
aging,health and medicine
aids,health and medicine
autism spectrum disorder,health and medicine
bacteria,health and medicine
bioethics,health and medicine
blindness,health and medicine
cancer,health and medicine
disaster relief,health and medicine
disease,health and medicine
dna,health and medicine
ebola,health and medicine
genetics,health and medicine
health,health and medicine
heart health,health and medicine
human body,health and medicine
illness,health and medicine
medical imaging,health and medicine
medical research,health and medicine
medicine,health and medicine
mental health,health and medicine
microbes,health and medicine
microbiology,health and medicine
obesity,health and medicine
pharmaceuticals,health and medicine
physiology,health and medicine
prosthetics,health and medicine
ptsd,health and medicine
public health,health and medicine
sanitation,health and medicine
surgery,health and medicine
vaccines,health and medicine
virus,health and medicine
health care,healthcare and wellness
ancient world,history and heritage
egypt,history and heritage
history,history and heritage
anthropology,human behavior and psychology
body language,human behavior and psychology
brain,human behavior and psychology
choice,human behavior and psychology
cognitive science,human behavior and psychology
complexity,human behavior and psychology
consciousness,human behavior and psychology
decision-making,human behavior and psychology
evolutionary psychology,human behavior and psychology
human origins,human behavior and psychology
illusion,human behavior and psychology
intelligence,human behavior and psychology
memory,human behavior and psychology
mind,human behavior and psychology
neuroscience,human behavior and psychology
personality,human behavior and psychology
philosophy,human behavior and psychology
psychology,human behavior and psychology
race,human behavior and psychology
senses,human behavior and psychology
sight,human behavior and psychology
slavery,human behavior and psychology
sound,human behavior and psychology
failure,personal growth and motivation
goal-setting,personal growth and motivation
life,personal growth and motivation
motivation,personal growth and motivation
personal growth,personal growth and motivation
productivity,personal growth and motivation
self,personal growth and motivation
success,personal growth and motivation
corruption,politics and governance
crime,politics and governance
criminal justice,politics and governance
democracy,politics and governance
government,politics and governance
law,politics and governance
military,politics and governance
policy,politics and governance
politics,politics and governance
protests,politics and governance
security,politics and governance
surveillance,politics and governance
terrorism,politics and governance
biology,science and exploration
biomechanics,science and exploration
biomimicry,science and exploration
biotech,science and exploration
chemistry,science and exploration
curiosity,science and exploration
dark matter,science and exploration
dinosaurs,science and exploration
discovery,science and exploration
evolution,science and exploration
exploration,science and exploration
materials,science and exploration
math,science and exploration
molecular biology,science and exploration
nanoscale,science and exploration
paleontology,science and exploration
physics,science and exploration
potential,science and exploration
prediction,science and exploration
science,science and exploration
synthetic biology,science and exploration
activism,social justice and equality
feminism,social justice and equality
gender,social justice and equality
gender equality,social justice and equality
inequality,social justice and equality
lgbt,social justice and equality
social change,social justice and equality
cities,society and culture
community,society and culture
culture,society and culture
disability,society and culture
europe,society and culture
faith,society and culture
fashion,society and culture
humanity,society and culture
identity,society and culture
india,society and culture
middle east,society and culture
prison,society and culture
public spaces,society and culture
religion,society and culture
society,society and culture
sociology,society and culture
south america,society and culture
sports,society and culture
travel,society and culture
united states,society and culture
urban planning,society and culture
world cultures,society and culture
astrobiology,space and astronomy
astronomy,space and astronomy
cosmos,space and astronomy
extraterrestrial life,space and astronomy
flight,space and astronomy
planets,space and astronomy
solar system,space and astronomy
space,space and astronomy
telescopes,space and astronomy
universe,space and astronomy
mars,space exploration and technology
nasa,space exploration and technology
ai,technology and innovation
algorithm,technology and innovation
cars,technology and innovation
code,technology and innovation
computers,technology and innovation
data,technology and innovation
demo,technology and innovation
drones,technology and innovation
engineering,technology and innovation
future,technology and innovation
google,technology and innovation
hack,technology and innovation
industrial design,technology and innovation
innovation,technology and innovation
interface design,technology and innovation
internet,technology and innovation
invention,technology and innovation
machine learning,technology and innovation
open-source,technology and innovation
privacy,technology and innovation
product design,technology and innovation
programming,technology and innovation
robots,technology and innovation
software,technology and innovation
technology,technology and innovation
transportation,technology and innovation
virtual reality,technology and innovation
web,technology and innovation
