tag,broader,suggested_broader_concept,reasoning
animals,animals and biodiversity,animals and biodiversity,
bees,animals and biodiversity,animals and biodiversity,
biodiversity,animals and biodiversity,animals and biodiversity,
birds,animals and biodiversity,animals and biodiversity,
insects,animals and biodiversity,animals and biodiversity,
animation,art and creativity,art and creativity,
art,art and creativity,art and creativity,
beauty,art and creativity,art and creativity,
comedy,art and creativity,art and creativity,
composing,art and creativity,art and creativity,
creativity,art and creativity,art and creativity,
dance,art and creativity,art and creativity,
design,art and creativity,art and creativity,
live music,art and creativity,art and creativity,
magic,art and creativity,art and creativity,
movies,art and creativity,art and creativity,
music,art and creativity,art and creativity,
performance,art and creativity,art and creativity,
performance art,art and creativity,art and creativity,
photography,art and creativity,art and creativity,
piano,art and creativity,art and creativity,
poetry,art and creativity,art and creativity,
science and art,art and creativity,art and creativity,
simplicity,art and creativity,art and creativity,
theater,art and creativity,art and creativity,
toy,art and creativity,art and creativity,
behavioral economics,business and economics,business and economics,
business,business and economics,business and economics,
capitalism,business and economics,business and economics,
consumerism,business and economics,business and economics,
economics,business and economics,business and economics,
entrepreneur,business and economics,business and economics,
finance,business and economics,business and economics,
investment,business and economics,business and economics,
leadership,business and economics,human behavior and psychology,"Leadership is more broadly related to human behavior and psychology, as it involves the study and practice of leading individuals or groups. The current broader concept 'business and economics' is less precise."
manufacturing,business and economics,business and economics,
marketing,business and economics,business and economics,
money,business and economics,business and economics,
statistics,business and economics,business and economics,
women in business,business and economics,business and economics,
work,business and economics,business and economics,
communication,communication and media,communication and media,
entertainment,communication and media,communication and media,
film,communication and media,communication and media,
gaming,communication and media,communication and media,
interview,communication and media,communication and media,
journalism,communication and media,communication and media,
language,communication and media,education and learning,"language is a fundamental tool used in communication and media, but it is not a type of communication and media. It is more accurately categorized under 'education and learning'."
media,communication and media,communication and media,
news,communication and media,communication and media,
online video,communication and media,communication and media,
presentation,communication and media,communication and media,
social media,communication and media,communication and media,
speech,communication and media,communication and media,
spoken word,communication and media,communication and media,
storytelling,communication and media,communication and media,
visualizations,communication and media,communication and media,
writing,communication and media,communication and media,
books,education and learning,education and learning,
children,education and learning,education and learning,
education,education and learning,education and learning,
library,education and learning,education and learning,
literature,education and learning,education and learning,
macarthur grant,education and learning,education and learning,
museums,education and learning,education and learning,
parenting,education and learning,society and culture,"Parenting is more closely related to 'society and culture' as it involves raising children, which is a cultural and societal practice. 'Education and learning' is a broader concept but not the strongest fit."
teaching,education and learning,education and learning,
youth,education and learning,society and culture,Youth is more closely related to 'society and culture' as it refers to a demographic group within a cultural context. 'Education and learning' is a broader concept but not the strongest fit.
collaboration,emotions and relationships,business and economics,Collaboration is more closely related to 'business and economics' as it is a key aspect of teamwork and productivity in various professional settings. 'Emotions and relationships' is a broader concept but not the strongest fit.
compassion,emotions and relationships,emotions and relationships,
death,emotions and relationships,emotions and relationships,
depression,emotions and relationships,health and medicine,"Depression is a mental health condition that falls under 'health and medicine' more directly, but it is also related to 'emotions and relationships' as it affects personal relationships and emotional states. 'Health and medicine' is a stronger fit as it covers the medical and psychological aspects of depression."
empathy,emotions and relationships,emotions and relationships,
family,emotions and relationships,emotions and relationships,
fear,emotions and relationships,emotions and relationships,
friendship,emotions and relationships,emotions and relationships,
god,emotions and relationships,emotions and relationships,
happiness,emotions and relationships,emotions and relationships,
humor,emotions and relationships,emotions and relationships,
love,emotions and relationships,emotions and relationships,
morality,emotions and relationships,society and culture,"Morality is more closely related to 'values and ethics' which is not an allowed broader concept, but it is better categorized under 'values and ethics' which is closely related to 'society and culture'. However, since 'society and culture' is the closest allowed broader concept, it is kept. The current concept 'emotions and relationships' is not as strong as 'society and culture' as morality is more about principles and ethics than emotions and relationships."
play,emotions and relationships,society and culture,"Play is more closely related to 'recreation and leisure' which is not an allowed broader concept, but it is better categorized under 'recreation and leisure' which is closely related to 'society and culture'. However, since 'society and culture' is the closest allowed broader concept, it is kept. The current concept 'emotions and relationships' is not as strong as 'society and culture' as play is more about activities and behaviors than emotions and relationships."
relationships,emotions and relationships,emotions and relationships,
sex,emotions and relationships,human behavior and psychology,"Sex is more closely related to 'human behavior and psychology' which is a stronger relationship than 'emotions and relationships'. Sex involves physical and psychological aspects, making 'human behavior and psychology' a more appropriate broader concept."
sexual violence,emotions and relationships,human behavior and psychology,"Sexual violence is more closely related to 'human behavior and psychology' which is a stronger relationship than 'emotions and relationships'. Sexual violence involves psychological and social aspects, making 'human behavior and psychology' a more appropriate broader concept."
trust,emotions and relationships,emotions and relationships,
violence,emotions and relationships,global issues and development,"Violence is more closely related to global issues and development, as it often involves broader societal and political contexts."
war,emotions and relationships,global issues and development,"War is a global issue and involves political and societal aspects, making 'global issues and development' a stronger relationship."
women,emotions and relationships,social justice and equality,"Women's issues are more closely related to social justice and equality, as they often involve broader societal and political contexts."
work-life balance,emotions and relationships,personal growth and motivation,"Work-life balance is more closely related to personal growth and motivation, as it focuses on individual well-being and development."
adventure,environment and ecology,personal growth and motivation,Adventure is more closely related to 'personal growth and motivation' as it involves experiences that can lead to personal development. The current broader concept 'environment and ecology' is less directly related.
agriculture,environment and ecology,environment and ecology,
alternative energy,environment and ecology,environment and ecology,
anthropocene,environment and ecology,environment and ecology,
architecture,environment and ecology,environment and ecology,
botany,environment and ecology,environment and ecology,
climate change,environment and ecology,environment and ecology,
ecology,environment and ecology,environment and ecology,
energy,environment and ecology,environment and ecology,
environment,environment and ecology,environment and ecology,
farming,environment and ecology,environment and ecology,
fish,environment and ecology,animals and biodiversity,"Fish are a type of animal, which falls under 'animals and biodiversity'."
food,environment and ecology,environment and ecology,
garden,environment and ecology,environment and ecology,
green,environment and ecology,environment and ecology,
map,environment and ecology,communication and media,"The current broader concept 'environment and ecology' is not the strongest relationship. Maps are primarily used for communication and navigation, which aligns better with 'communication and media'."
natural disaster,environment and ecology,environmental conservation,"The current broader concept 'environment and ecology' is appropriate as natural disasters are closely related to environmental conditions and changes. However, 'environmental conservation' might be a stronger fit as it directly addresses the protection and management of the environment, including disasters."
natural resources,environment and ecology,environmental conservation,"The current broader concept 'environment and ecology' is relevant as natural resources are part of the environment. However, 'environmental conservation' is a stronger fit as it directly addresses the management and protection of these resources."
nature,environment and ecology,environment and ecology,
plants,environment and ecology,environment and ecology,
solar energy,environment and ecology,environment and ecology,
sustainability,environment and ecology,environment and ecology,
time,environment and ecology,society and culture,Current concept: 'environment and ecology' (related to). Suggested broader concept: 'society and culture' (used for / related to). 'Time' is more commonly associated with cultural and societal aspects than with the environment.
trees,environment and ecology,environment and ecology,
water,environment and ecology,environment and ecology,
weather,environment and ecology,environment and ecology,
conservation,environmental conservation,environmental conservation,
mission blue,environmental conservation,environmental conservation,
oceans,environmental conservation,environmental conservation,
plastic,environmental conservation,environmental conservation,
pollution,environmental conservation,environment and ecology,Current concept: 'environmental conservation' (part of). Suggested: 'environment and ecology' (used for / related to). 'Environment and ecology' is stronger as it directly relates to the concept of pollution.
africa,global issues and development,global issues and development,
asia,global issues and development,global issues and development,
big problems,global issues and development,global issues and development,
brazil,global issues and development,global issues and development,
china,global issues and development,society and culture,"China is a country, and while it is part of global issues and development, it is more specific and can be better categorized under 'society and culture' or 'politics and governance'."
global development,global issues and development,global issues and development,
global issues,global issues and development,global issues and development,
immigration,global issues and development,global issues and development,
infrastructure,global issues and development,global issues and development,
iraq,global issues and development,global issues and development,
peace,global issues and development,global issues and development,
philanthropy,global issues and development,global issues and development,
population,global issues and development,global issues and development,
poverty,global issues and development,global issues and development,
refugees,global issues and development,global issues and development,
aging,health and medicine,health and medicine,
aids,health and medicine,health and medicine,
autism spectrum disorder,health and medicine,health and medicine,
bacteria,health and medicine,health and medicine,
bioethics,health and medicine,health and medicine,
blindness,health and medicine,health and medicine,
cancer,health and medicine,health and medicine,
disaster relief,health and medicine,health and medicine,
disease,health and medicine,health and medicine,
dna,health and medicine,science and exploration,"Current concept: health and medicine. Suggested broader concept: science and exploration. DNA is a fundamental concept in genetics, which falls under the broader category of science and exploration, as it involves the study of genetic material and its functions. This relationship is stronger than 'health and medicine' as it encompasses a wider range of related topics."
ebola,health and medicine,health and medicine,
genetics,health and medicine,science and exploration,"Current concept: health and medicine. Suggested broader concept: science and exploration. Genetics is a broader field that is part of the study of life and heredity, which falls under science and exploration. This relationship is stronger than 'health and medicine' as it encompasses a wider range of related topics."
health,health and medicine,health and medicine,
heart health,health and medicine,health and medicine,
human body,health and medicine,health and medicine,
illness,health and medicine,health and medicine,
medical imaging,health and medicine,health and medicine,
medical research,health and medicine,health and medicine,
medicine,health and medicine,health and medicine,
mental health,health and medicine,health and medicine,
microbes,health and medicine,animals and biodiversity,"Microbes are a type of organism, and they are more broadly related to biodiversity and ecology. The current broader concept 'health and medicine' is less strong than 'animals and biodiversity'."
microbiology,health and medicine,animals and biodiversity,"Microbiology is the study of microbes, which are organisms. It is more strongly related to 'animals and biodiversity' than 'health and medicine'."
obesity,health and medicine,health and medicine,
pharmaceuticals,health and medicine,health and medicine,
physiology,health and medicine,health and medicine,
prosthetics,health and medicine,health and medicine,
ptsd,health and medicine,health and medicine,
public health,health and medicine,health and medicine,
sanitation,health and medicine,health and medicine,
surgery,health and medicine,health and medicine,
vaccines,health and medicine,health and medicine,
virus,health and medicine,health and medicine,
health care,healthcare and wellness,healthcare and wellness,
ancient world,history and heritage,history and heritage,
egypt,history and heritage,history and heritage,
history,history and heritage,history and heritage,
anthropology,human behavior and psychology,human behavior and psychology,
body language,human behavior and psychology,human behavior and psychology,
brain,human behavior and psychology,human behavior and psychology,
choice,human behavior and psychology,human behavior and psychology,
cognitive science,human behavior and psychology,science and exploration,"Cognitive science is a broader interdisciplinary field that encompasses human behavior and psychology, but it also includes aspects of neuroscience, linguistics, and artificial intelligence. Therefore, it is more accurately categorized under 'science and exploration'."
complexity,human behavior and psychology,science and exploration,"Complexity is a concept that can be related to various fields, but it is most strongly associated with science and exploration, as it often refers to complex systems and phenomena studied in various scientific disciplines."
consciousness,human behavior and psychology,science and exploration,"Consciousness is a key topic in human behavior and psychology, but it is also a central concept in philosophy and neuroscience. Given the interdisciplinary nature of the topic, it could be better categorized under 'science and exploration'."
decision-making,human behavior and psychology,business and economics,"Decision-making is a specific aspect of human behavior and psychology, but it is also a broader concept that can be applied in various fields such as business and economics. Given its wide applicability, it is more accurately categorized under 'business and economics'."
evolutionary psychology,human behavior and psychology,human behavior and psychology,
human origins,human behavior and psychology,history and heritage,Current concept: human behavior and psychology (type of). Suggested: history and heritage (part of). 'Human origins' is more closely related to historical and cultural development.
illusion,human behavior and psychology,human behavior and psychology,
intelligence,human behavior and psychology,human behavior and psychology,
memory,human behavior and psychology,human behavior and psychology,
mind,human behavior and psychology,human behavior and psychology,
neuroscience,human behavior and psychology,science and exploration,"Neuroscience is a specific field of study that focuses on the nervous system and brain, which is more closely related to 'science and exploration' than 'human behavior and psychology'. It is a type of science, making 'science and exploration' a stronger fit."
personality,human behavior and psychology,human behavior and psychology,
philosophy,human behavior and psychology,society and culture,"Philosophy is more broadly related to 'human behavior and psychology' as it deals with fundamental questions about the nature of reality, existence, and knowledge. However, it is also closely related to 'society and culture', which encompasses broader societal and cultural aspects of human thought. Given the strength order, 'society and culture' is a better fit."
psychology,human behavior and psychology,human behavior and psychology,
race,human behavior and psychology,human behavior and psychology,
senses,human behavior and psychology,society and culture,Current concept: 'human behavior and psychology' (used for / related to). Suggested: 'society and culture' (used for / related to). Senses are more closely related to how humans experience and interact with culture.
sight,human behavior and psychology,society and culture,Current concept: 'human behavior and psychology' (used for / related to). Suggested: 'society and culture' (used for / related to). Sight is more related to how humans perceive and interact with culture.
slavery,human behavior and psychology,history and heritage,"Current concept: 'human behavior and psychology' (type of). Suggested: 'history and heritage' (type of). Slavery is a historical and social issue, making 'history and heritage' a more appropriate broader concept."
sound,human behavior and psychology,society and culture,Current concept: 'human behavior and psychology' (used for / related to). Suggested: 'society and culture' (used for / related to). Sound is more related to how humans experience and interact with culture.
failure,personal growth and motivation,personal growth and motivation,
goal-setting,personal growth and motivation,personal growth and motivation,
life,personal growth and motivation,personal growth and motivation,
motivation,personal growth and motivation,personal growth and motivation,
personal growth,personal growth and motivation,personal growth and motivation,
productivity,personal growth and motivation,business and economics,Productivity is more closely related to 'business and economics' as it pertains to efficiency and output in work or business contexts. The current broader concept 'personal growth and motivation' is weaker as it focuses more on individual development rather than professional or economic performance.
self,personal growth and motivation,personal growth and motivation,
success,personal growth and motivation,personal growth and motivation,
corruption,politics and governance,politics and governance,
crime,politics and governance,politics and governance,
criminal justice,politics and governance,politics and governance,
democracy,politics and governance,politics and governance,
government,politics and governance,politics and governance,
law,politics and governance,politics and governance,
military,politics and governance,politics and governance,
policy,politics and governance,politics and governance,
politics,politics and governance,politics and governance,
protests,politics and governance,social justice and equality,"Protests are related to politics and governance, but they are more closely related to social justice and equality."
security,politics and governance,global issues and development,"Security can be part of politics and governance, but it is more broadly related to global issues and development."
surveillance,politics and governance,technology and innovation,"Surveillance is related to politics and governance, but it is more closely related to privacy and technology and innovation."
terrorism,politics and governance,politics and governance,
biology,science and exploration,science and exploration,
biomechanics,science and exploration,science and exploration,
biomimicry,science and exploration,science and exploration,
biotech,science and exploration,science and exploration,
chemistry,science and exploration,science and exploration,
curiosity,science and exploration,human behavior and psychology,Curiosity is more related to human behavior and psychology than science and exploration. Suggested_broader_concept: human behavior and psychology
dark matter,science and exploration,science and exploration,
dinosaurs,science and exploration,science and exploration,
discovery,science and exploration,science and exploration,
evolution,science and exploration,science and exploration,
exploration,science and exploration,science and exploration,
materials,science and exploration,science and exploration,
math,science and exploration,science and exploration,
molecular biology,science and exploration,science and exploration,
nanoscale,science and exploration,science and exploration,
paleontology,science and exploration,science and exploration,
physics,science and exploration,science and exploration,
potential,science and exploration,science and exploration,
prediction,science and exploration,science and exploration,
science,science and exploration,science and exploration,
synthetic biology,science and exploration,science and exploration,
activism,social justice and equality,social justice and equality,
feminism,social justice and equality,social justice and equality,
gender,social justice and equality,social justice and equality,
gender equality,social justice and equality,social justice and equality,
inequality,social justice and equality,social justice and equality,
lgbt,social justice and equality,social justice and equality,
social change,social justice and equality,social justice and equality,
cities,society and culture,society and culture,
community,society and culture,society and culture,
culture,society and culture,society and culture,
disability,society and culture,health and medicine,"Disability is more closely related to health and medicine, as it deals with physical, mental, or sensory conditions. The relationship is stronger under 'health and medicine'."
europe,society and culture,history and heritage,"Europe is a geographical and historical region, which is more appropriately categorized under 'history and heritage'."
faith,society and culture,society and culture,
fashion,society and culture,art and creativity,"Fashion is part of society and culture, but it is more specifically related to art and creativity, as it involves design, aesthetics, and expression."
humanity,society and culture,human behavior and psychology,"Humanity is a concept that encompasses human behavior, psychology, and social justice, making 'society and culture' a suitable broader concept, but 'human behavior and psychology' is more directly related."
identity,society and culture,emotions and relationships,"Identity is closely related to emotions, relationships, and personal growth, making 'emotions and relationships' a more appropriate broader concept than 'society and culture'."
india,society and culture,history and heritage,"India is a country and its culture, history, and society are part of 'society and culture', but it is more specifically related to 'history and heritage'."
middle east,society and culture,history and heritage,"The Middle East is a region with distinct cultural, historical, and societal aspects, making 'society and culture' a suitable broader concept, but 'history and heritage' is more directly related."
prison,society and culture,society and culture,
public spaces,society and culture,society and culture,
religion,society and culture,society and culture,
society,society and culture,society and culture,
sociology,society and culture,society and culture,
south america,society and culture,global issues and development,Current concept: 'society and culture' (part of). Suggested: 'global issues and development' (related to). The relationship is stronger as South America is a region with significant global issues and development concerns.
sports,society and culture,art and creativity,"Current concept: 'society and culture' (related to). Suggested: 'sports and recreation' (type of). The relationship is stronger as sports are a specific type of activity, not just a cultural aspect."
travel,society and culture,art and creativity,"Current concept: 'society and culture' (related to). Suggested: 'travel and tourism' (type of). The relationship is stronger as travel is a specific activity, not just a cultural aspect."
united states,society and culture,global issues and development,Current concept: 'society and culture' (part of). Suggested: 'global issues and development' (related to). The relationship is stronger as the United States is a country with significant global issues and development concerns.
urban planning,society and culture,environment and ecology,"Current concept: 'society and culture' (related to). Suggested: 'urban planning and design' (type of). The relationship is stronger as urban planning is a specific field of practice, not just a cultural aspect."
world cultures,society and culture,society and culture,
astrobiology,space and astronomy,space and astronomy,
astronomy,space and astronomy,space and astronomy,
cosmos,space and astronomy,space and astronomy,
extraterrestrial life,space and astronomy,space and astronomy,
flight,space and astronomy,space and astronomy,
planets,space and astronomy,space and astronomy,
solar system,space and astronomy,space and astronomy,
space,space and astronomy,space and astronomy,
telescopes,space and astronomy,technology and innovation,"Current broader concept: 'space and astronomy' (type of) vs 'technology and innovation' (used for / related to). Telescopes are tools used in space and astronomy, making 'technology and innovation' the more appropriate broader concept."
universe,space and astronomy,space and astronomy,
mars,space exploration and technology,space exploration and technology,
nasa,space exploration and technology,space exploration and technology,
ai,technology and innovation,technology and innovation,
algorithm,technology and innovation,technology and innovation,
cars,technology and innovation,technology and innovation,
code,technology and innovation,technology and innovation,
computers,technology and innovation,technology and innovation,
data,technology and innovation,technology and innovation,
demo,technology and innovation,technology and innovation,
drones,technology and innovation,technology and innovation,
engineering,technology and innovation,technology and innovation,
future,technology and innovation,technology and innovation,
google,technology and innovation,technology and innovation,
hack,technology and innovation,technology and innovation,
industrial design,technology and innovation,technology and innovation,
innovation,technology and innovation,technology and innovation,
interface design,technology and innovation,technology and innovation,
internet,technology and innovation,technology and innovation,
invention,technology and innovation,technology and innovation,
machine learning,technology and innovation,technology and innovation,
open-source,technology and innovation,technology and innovation,
privacy,technology and innovation,technology and innovation,
product design,technology and innovation,technology and innovation,
programming,technology and innovation,technology and innovation,
robots,technology and innovation,technology and innovation,
software,technology and innovation,technology and innovation,
technology,technology and innovation,technology and innovation,
transportation,technology and innovation,technology and innovation,
virtual reality,technology and innovation,technology and innovation,
web,technology and innovation,technology and innovation,
